<annotation>
	<folder>JPEGImages</folder>
	<filename>train_0502_000000009658.jpg</filename>
	<source>
	<database>Source</database>
	</source>
	<size>
		<width>333</width>
		<height>500</height>
		<depth>3</depth>
	</size>
	<segmented>0</segmented>
	<object>
		<name>hand</name>
		<pose>Unspecified</pose>
		<truncated>0</truncated>
		<difficult>0</difficult>
		<bndbox>
			<xmin>40</xmin>
			<xmax>78</xmax>
			<ymin>224</ymin>
			<ymax>250</ymax>
		</bndbox>
		<contact_state>0,0,0,1,</contact_state>
		<hand_id>1</hand_id>
	</object>
</annotation>