<annotation>
	<folder>JPEGImages</folder>
	<filename>train_1361_000000174718.jpg</filename>
	<source>
	<database>Source</database>
	</source>
	<size>
		<width>303</width>
		<height>500</height>
		<depth>3</depth>
	</size>
	<segmented>0</segmented>
	<object>
		<name>hand</name>
		<pose>Unspecified</pose>
		<truncated>0</truncated>
		<difficult>0</difficult>
		<bndbox>
			<xmin>173</xmin>
			<xmax>183</xmax>
			<ymin>305</ymin>
			<ymax>323</ymax>
		</bndbox>
		<contact_state>1,0,0,0,</contact_state>
		<hand_id>1</hand_id>
	</object>
</annotation>