<annotation>
	<folder>JPEGImages</folder>
	<filename>train_0689_000000040075.jpg</filename>
	<source>
	<database>Source</database>
	</source>
	<size>
		<width>289</width>
		<height>500</height>
		<depth>3</depth>
	</size>
	<segmented>0</segmented>
	<object>
		<name>hand</name>
		<pose>Unspecified</pose>
		<truncated>0</truncated>
		<difficult>0</difficult>
		<bndbox>
			<xmin>165</xmin>
			<xmax>204</xmax>
			<ymin>131</ymin>
			<ymax>165</ymax>
		</bndbox>
		<contact_state>1,0,0,0,</contact_state>
		<hand_id>1</hand_id>
	</object>

	<object>
		<name>hand</name>
		<pose>Unspecified</pose>
		<truncated>0</truncated>
		<difficult>0</difficult>
		<bndbox>
			<xmin>203</xmin>
			<xmax>241</xmax>
			<ymin>184</ymin>
			<ymax>234</ymax>
		</bndbox>
		<contact_state>1,0,0,0,</contact_state>
		<hand_id>2</hand_id>
	</object>
</annotation>