<annotation>
	<folder>JPEGImages</folder>
	<filename>train_2000_000000325831.jpg</filename>
	<source>
	<database>Source</database>
	</source>
	<size>
		<width>480</width>
		<height>640</height>
		<depth>3</depth>
	</size>
	<segmented>0</segmented>
	<object>
		<name>hand</name>
		<pose>Unspecified</pose>
		<truncated>0</truncated>
		<difficult>0</difficult>
		<bndbox>
			<xmin>118</xmin>
			<xmax>208</xmax>
			<ymin>239</ymin>
			<ymax>287</ymax>
		</bndbox>
		<contact_state>0,0,0,1,</contact_state>
		<hand_id>1</hand_id>
	</object>

	<object>
		<name>hand</name>
		<pose>Unspecified</pose>
		<truncated>0</truncated>
		<difficult>0</difficult>
		<bndbox>
			<xmin>302</xmin>
			<xmax>381</xmax>
			<ymin>224</ymin>
			<ymax>281</ymax>
		</bndbox>
		<contact_state>2,0,0,2,</contact_state>
		<hand_id>2</hand_id>
	</object>
</annotation>