<annotation>
	<folder>JPEGImages</folder>
	<filename>train_0426_067419_005.jpg</filename>
	<source>
	<database>Source</database>
	</source>
	<size>
		<width>652</width>
		<height>360</height>
		<depth>3</depth>
	</size>
	<segmented>0</segmented>
	<object>
		<name>hand</name>
		<pose>Unspecified</pose>
		<truncated>0</truncated>
		<difficult>0</difficult>
		<bndbox>
			<xmin>68</xmin>
			<xmax>199</xmax>
			<ymin>288</ymin>
			<ymax>359</ymax>
		</bndbox>
		<contact_state>0,0,0,1,</contact_state>
		<hand_id>1</hand_id>
	</object>

	<object>
		<name>hand</name>
		<pose>Unspecified</pose>
		<truncated>0</truncated>
		<difficult>0</difficult>
		<bndbox>
			<xmin>42</xmin>
			<xmax>135</xmax>
			<ymin>198</ymin>
			<ymax>298</ymax>
		</bndbox>
		<contact_state>0,0,0,1,</contact_state>
		<hand_id>2</hand_id>
	</object>
</annotation>