<annotation>
	<folder>JPEGImages</folder>
	<filename>train_1761_000000269958.jpg</filename>
	<source>
	<database>Source</database>
	</source>
	<size>
		<width>640</width>
		<height>427</height>
		<depth>3</depth>
	</size>
	<segmented>0</segmented>
	<object>
		<name>hand</name>
		<pose>Unspecified</pose>
		<truncated>0</truncated>
		<difficult>0</difficult>
		<bndbox>
			<xmin>459</xmin>
			<xmax>474</xmax>
			<ymin>283</ymin>
			<ymax>311</ymax>
		</bndbox>
		<contact_state>1,0,0,0,</contact_state>
		<hand_id>1</hand_id>
	</object>

	<object>
		<name>hand</name>
		<pose>Unspecified</pose>
		<truncated>0</truncated>
		<difficult>0</difficult>
		<bndbox>
			<xmin>515</xmin>
			<xmax>531</xmax>
			<ymin>293</ymin>
			<ymax>319</ymax>
		</bndbox>
		<contact_state>2,2,0,0,</contact_state>
		<hand_id>2</hand_id>
	</object>

	<object>
		<name>hand</name>
		<pose>Unspecified</pose>
		<truncated>0</truncated>
		<difficult>0</difficult>
		<bndbox>
			<xmin>239</xmin>
			<xmax>272</xmax>
			<ymin>136</ymin>
			<ymax>167</ymax>
		</bndbox>
		<contact_state>2,2,0,0,</contact_state>
		<hand_id>3</hand_id>
	</object>

	<object>
		<name>hand</name>
		<pose>Unspecified</pose>
		<truncated>0</truncated>
		<difficult>0</difficult>
		<bndbox>
			<xmin>94</xmin>
			<xmax>128</xmax>
			<ymin>128</ymin>
			<ymax>156</ymax>
		</bndbox>
		<contact_state>0,1,0,0,</contact_state>
		<hand_id>4</hand_id>
	</object>
</annotation>