<annotation>
	<folder>JPEGImages</folder>
	<filename>train_0114_018489_006.jpg</filename>
	<source>
	<database>Source</database>
	</source>
	<size>
		<width>656</width>
		<height>360</height>
		<depth>3</depth>
	</size>
	<segmented>0</segmented>
	<object>
		<name>hand</name>
		<pose>Unspecified</pose>
		<truncated>0</truncated>
		<difficult>0</difficult>
		<bndbox>
			<xmin>67</xmin>
			<xmax>131</xmax>
			<ymin>301</ymin>
			<ymax>357</ymax>
		</bndbox>
		<contact_state>1,0,0,0,</contact_state>
		<hand_id>1</hand_id>
	</object>

	<object>
		<name>hand</name>
		<pose>Unspecified</pose>
		<truncated>0</truncated>
		<difficult>0</difficult>
		<bndbox>
			<xmin>379</xmin>
			<xmax>444</xmax>
			<ymin>317</ymin>
			<ymax>357</ymax>
		</bndbox>
		<contact_state>2,2,2,2,</contact_state>
		<hand_id>2</hand_id>
	</object>
</annotation>