<annotation>
	<folder>JPEGImages</folder>
	<filename>train_0168_032158_008.jpg</filename>
	<source>
	<database>Source</database>
	</source>
	<size>
		<width>648</width>
		<height>360</height>
		<depth>3</depth>
	</size>
	<segmented>0</segmented>
	<object>
		<name>hand</name>
		<pose>Unspecified</pose>
		<truncated>0</truncated>
		<difficult>0</difficult>
		<bndbox>
			<xmin>200</xmin>
			<xmax>253</xmax>
			<ymin>201</ymin>
			<ymax>267</ymax>
		</bndbox>
		<contact_state>0,0,0,1,</contact_state>
		<hand_id>1</hand_id>
	</object>

	<object>
		<name>hand</name>
		<pose>Unspecified</pose>
		<truncated>0</truncated>
		<difficult>0</difficult>
		<bndbox>
			<xmin>249</xmin>
			<xmax>305</xmax>
			<ymin>210</ymin>
			<ymax>267</ymax>
		</bndbox>
		<contact_state>0,1,0,1,</contact_state>
		<hand_id>2</hand_id>
	</object>
</annotation>