<annotation>
	<folder>JPEGImages</folder>
	<filename>train_0427_067469_005.jpg</filename>
	<source>
	<database>Source</database>
	</source>
	<size>
		<width>652</width>
		<height>360</height>
		<depth>3</depth>
	</size>
	<segmented>0</segmented>
	<object>
		<name>hand</name>
		<pose>Unspecified</pose>
		<truncated>0</truncated>
		<difficult>0</difficult>
		<bndbox>
			<xmin>326</xmin>
			<xmax>419</xmax>
			<ymin>158</ymin>
			<ymax>217</ymax>
		</bndbox>
		<contact_state>0,1,0,0,</contact_state>
		<hand_id>1</hand_id>
	</object>

	<object>
		<name>hand</name>
		<pose>Unspecified</pose>
		<truncated>0</truncated>
		<difficult>0</difficult>
		<bndbox>
			<xmin>298</xmin>
			<xmax>334</xmax>
			<ymin>277</ymin>
			<ymax>305</ymax>
		</bndbox>
		<contact_state>0,1,0,0,</contact_state>
		<hand_id>2</hand_id>
	</object>
</annotation>