<annotation>
	<folder>JPEGImages</folder>
	<filename>train_1707_000000256601.jpg</filename>
	<source>
	<database>Source</database>
	</source>
	<size>
		<width>640</width>
		<height>597</height>
		<depth>3</depth>
	</size>
	<segmented>0</segmented>
	<object>
		<name>hand</name>
		<pose>Unspecified</pose>
		<truncated>0</truncated>
		<difficult>0</difficult>
		<bndbox>
			<xmin>23</xmin>
			<xmax>51</xmax>
			<ymin>424</ymin>
			<ymax>440</ymax>
		</bndbox>
		<contact_state>0,0,0,1,</contact_state>
		<hand_id>1</hand_id>
	</object>

	<object>
		<name>hand</name>
		<pose>Unspecified</pose>
		<truncated>0</truncated>
		<difficult>0</difficult>
		<bndbox>
			<xmin>320</xmin>
			<xmax>348</xmax>
			<ymin>324</ymin>
			<ymax>354</ymax>
		</bndbox>
		<contact_state>2,2,2,2,</contact_state>
		<hand_id>2</hand_id>
	</object>

	<object>
		<name>hand</name>
		<pose>Unspecified</pose>
		<truncated>0</truncated>
		<difficult>0</difficult>
		<bndbox>
			<xmin>309</xmin>
			<xmax>344</xmax>
			<ymin>374</ymin>
			<ymax>400</ymax>
		</bndbox>
		<contact_state>1,0,0,1,</contact_state>
		<hand_id>3</hand_id>
	</object>

	<object>
		<name>hand</name>
		<pose>Unspecified</pose>
		<truncated>0</truncated>
		<difficult>0</difficult>
		<bndbox>
			<xmin>174</xmin>
			<xmax>200</xmax>
			<ymin>353</ymin>
			<ymax>401</ymax>
		</bndbox>
		<contact_state>1,0,0,0,</contact_state>
		<hand_id>4</hand_id>
	</object>

	<object>
		<name>hand</name>
		<pose>Unspecified</pose>
		<truncated>0</truncated>
		<difficult>0</difficult>
		<bndbox>
			<xmin>412</xmin>
			<xmax>449</xmax>
			<ymin>141</ymin>
			<ymax>169</ymax>
		</bndbox>
		<contact_state>0,1,0,1,</contact_state>
		<hand_id>5</hand_id>
	</object>
</annotation>