<annotation>
	<folder>JPEGImages</folder>
	<filename>train_1371_000000176793.jpg</filename>
	<source>
	<database>Source</database>
	</source>
	<size>
		<width>428</width>
		<height>640</height>
		<depth>3</depth>
	</size>
	<segmented>0</segmented>
	<object>
		<name>hand</name>
		<pose>Unspecified</pose>
		<truncated>0</truncated>
		<difficult>0</difficult>
		<bndbox>
			<xmin>117</xmin>
			<xmax>184</xmax>
			<ymin>538</ymin>
			<ymax>624</ymax>
		</bndbox>
		<contact_state>0,0,0,1,</contact_state>
		<hand_id>1</hand_id>
	</object>

	<object>
		<name>hand</name>
		<pose>Unspecified</pose>
		<truncated>0</truncated>
		<difficult>0</difficult>
		<bndbox>
			<xmin>290</xmin>
			<xmax>299</xmax>
			<ymin>332</ymin>
			<ymax>340</ymax>
		</bndbox>
		<contact_state>0,0,0,1,</contact_state>
		<hand_id>2</hand_id>
	</object>
</annotation>