<annotation>
	<folder>JPEGImages</folder>
	<filename>train_0130_021569_007.jpg</filename>
	<source>
	<database>Source</database>
	</source>
	<size>
		<width>656</width>
		<height>360</height>
		<depth>3</depth>
	</size>
	<segmented>0</segmented>
	<object>
		<name>hand</name>
		<pose>Unspecified</pose>
		<truncated>0</truncated>
		<difficult>0</difficult>
		<bndbox>
			<xmin>162</xmin>
			<xmax>254</xmax>
			<ymin>322</ymin>
			<ymax>359</ymax>
		</bndbox>
		<contact_state>0,0,0,1,</contact_state>
		<hand_id>1</hand_id>
	</object>

	<object>
		<name>hand</name>
		<pose>Unspecified</pose>
		<truncated>0</truncated>
		<difficult>0</difficult>
		<bndbox>
			<xmin>108</xmin>
			<xmax>192</xmax>
			<ymin>142</ymin>
			<ymax>194</ymax>
		</bndbox>
		<contact_state>0,0,0,1,</contact_state>
		<hand_id>2</hand_id>
	</object>
</annotation>