<annotation>
	<folder>JPEGImages</folder>
	<filename>train_0372_063476_006.jpg</filename>
	<source>
	<database>Source</database>
	</source>
	<size>
		<width>652</width>
		<height>360</height>
		<depth>3</depth>
	</size>
	<segmented>0</segmented>
	<object>
		<name>hand</name>
		<pose>Unspecified</pose>
		<truncated>0</truncated>
		<difficult>0</difficult>
		<bndbox>
			<xmin>249</xmin>
			<xmax>306</xmax>
			<ymin>212</ymin>
			<ymax>261</ymax>
		</bndbox>
		<contact_state>0,0,0,1,</contact_state>
		<hand_id>1</hand_id>
	</object>

	<object>
		<name>hand</name>
		<pose>Unspecified</pose>
		<truncated>0</truncated>
		<difficult>0</difficult>
		<bndbox>
			<xmin>130</xmin>
			<xmax>196</xmax>
			<ymin>164</ymin>
			<ymax>218</ymax>
		</bndbox>
		<contact_state>0,0,0,1,</contact_state>
		<hand_id>2</hand_id>
	</object>
</annotation>