<annotation>
	<folder>JPEGImages</folder>
	<filename>train_1716_000000258837.jpg</filename>
	<source>
	<database>Source</database>
	</source>
	<size>
		<width>640</width>
		<height>419</height>
		<depth>3</depth>
	</size>
	<segmented>0</segmented>
	<object>
		<name>hand</name>
		<pose>Unspecified</pose>
		<truncated>0</truncated>
		<difficult>0</difficult>
		<bndbox>
			<xmin>268</xmin>
			<xmax>304</xmax>
			<ymin>111</ymin>
			<ymax>151</ymax>
		</bndbox>
		<contact_state>1,2,0,0,</contact_state>
		<hand_id>1</hand_id>
	</object>
</annotation>