<annotation>
	<folder>JPEGImages</folder>
	<filename>train_1119_000000118207.jpg</filename>
	<source>
	<database>Source</database>
	</source>
	<size>
		<width>427</width>
		<height>640</height>
		<depth>3</depth>
	</size>
	<segmented>0</segmented>
	<object>
		<name>hand</name>
		<pose>Unspecified</pose>
		<truncated>0</truncated>
		<difficult>0</difficult>
		<bndbox>
			<xmin>131</xmin>
			<xmax>160</xmax>
			<ymin>328</ymin>
			<ymax>381</ymax>
		</bndbox>
		<contact_state>0,0,0,1,</contact_state>
		<hand_id>1</hand_id>
	</object>

	<object>
		<name>hand</name>
		<pose>Unspecified</pose>
		<truncated>0</truncated>
		<difficult>0</difficult>
		<bndbox>
			<xmin>55</xmin>
			<xmax>66</xmax>
			<ymin>229</ymin>
			<ymax>247</ymax>
		</bndbox>
		<contact_state>2,2,2,2,</contact_state>
		<hand_id>2</hand_id>
	</object>

	<object>
		<name>hand</name>
		<pose>Unspecified</pose>
		<truncated>0</truncated>
		<difficult>0</difficult>
		<bndbox>
			<xmin>270</xmin>
			<xmax>306</xmax>
			<ymin>306</ymin>
			<ymax>339</ymax>
		</bndbox>
		<contact_state>1,0,0,1,</contact_state>
		<hand_id>3</hand_id>
	</object>
</annotation>