<annotation>
	<folder>JPEGImages</folder>
	<filename>train_0410_066233_004.jpg</filename>
	<source>
	<database>Source</database>
	</source>
	<size>
		<width>652</width>
		<height>360</height>
		<depth>3</depth>
	</size>
	<segmented>0</segmented>
	<object>
		<name>hand</name>
		<pose>Unspecified</pose>
		<truncated>0</truncated>
		<difficult>0</difficult>
		<bndbox>
			<xmin>221</xmin>
			<xmax>296</xmax>
			<ymin>199</ymin>
			<ymax>272</ymax>
		</bndbox>
		<contact_state>1,0,0,0,</contact_state>
		<hand_id>1</hand_id>
	</object>
</annotation>