<annotation>
	<folder>JPEGImages</folder>
	<filename>train_0136_022929_005.jpg</filename>
	<source>
	<database>Source</database>
	</source>
	<size>
		<width>656</width>
		<height>360</height>
		<depth>3</depth>
	</size>
	<segmented>0</segmented>
	<object>
		<name>hand</name>
		<pose>Unspecified</pose>
		<truncated>0</truncated>
		<difficult>0</difficult>
		<bndbox>
			<xmin>445</xmin>
			<xmax>465</xmax>
			<ymin>198</ymin>
			<ymax>221</ymax>
		</bndbox>
		<contact_state>1,0,0,0,</contact_state>
		<hand_id>1</hand_id>
	</object>

	<object>
		<name>hand</name>
		<pose>Unspecified</pose>
		<truncated>0</truncated>
		<difficult>0</difficult>
		<bndbox>
			<xmin>356</xmin>
			<xmax>381</xmax>
			<ymin>163</ymin>
			<ymax>177</ymax>
		</bndbox>
		<contact_state>1,0,0,0,</contact_state>
		<hand_id>2</hand_id>
	</object>
</annotation>