<annotation>
	<folder>JPEGImages</folder>
	<filename>train_0210_039884_002.jpg</filename>
	<source>
	<database>Source</database>
	</source>
	<size>
		<width>480</width>
		<height>360</height>
		<depth>3</depth>
	</size>
	<segmented>0</segmented>
	<object>
		<name>hand</name>
		<pose>Unspecified</pose>
		<truncated>0</truncated>
		<difficult>0</difficult>
		<bndbox>
			<xmin>176</xmin>
			<xmax>214</xmax>
			<ymin>187</ymin>
			<ymax>218</ymax>
		</bndbox>
		<contact_state>0,0,1,0,</contact_state>
		<hand_id>1</hand_id>
	</object>

	<object>
		<name>hand</name>
		<pose>Unspecified</pose>
		<truncated>0</truncated>
		<difficult>0</difficult>
		<bndbox>
			<xmin>177</xmin>
			<xmax>204</xmax>
			<ymin>261</ymin>
			<ymax>293</ymax>
		</bndbox>
		<contact_state>1,0,0,0,</contact_state>
		<hand_id>2</hand_id>
	</object>

	<object>
		<name>hand</name>
		<pose>Unspecified</pose>
		<truncated>0</truncated>
		<difficult>0</difficult>
		<bndbox>
			<xmin>364</xmin>
			<xmax>403</xmax>
			<ymin>187</ymin>
			<ymax>220</ymax>
		</bndbox>
		<contact_state>0,1,0,0,</contact_state>
		<hand_id>3</hand_id>
	</object>

	<object>
		<name>hand</name>
		<pose>Unspecified</pose>
		<truncated>0</truncated>
		<difficult>0</difficult>
		<bndbox>
			<xmin>402</xmin>
			<xmax>439</xmax>
			<ymin>185</ymin>
			<ymax>213</ymax>
		</bndbox>
		<contact_state>0,1,0,0,</contact_state>
		<hand_id>4</hand_id>
	</object>

	<object>
		<name>hand</name>
		<pose>Unspecified</pose>
		<truncated>0</truncated>
		<difficult>0</difficult>
		<bndbox>
			<xmin>341</xmin>
			<xmax>369</xmax>
			<ymin>128</ymin>
			<ymax>159</ymax>
		</bndbox>
		<contact_state>1,0,0,0,</contact_state>
		<hand_id>5</hand_id>
	</object>
</annotation>