<annotation>
	<folder>JPEGImages</folder>
	<filename>train_1329_000000167551.jpg</filename>
	<source>
	<database>Source</database>
	</source>
	<size>
		<width>640</width>
		<height>427</height>
		<depth>3</depth>
	</size>
	<segmented>0</segmented>
	<object>
		<name>hand</name>
		<pose>Unspecified</pose>
		<truncated>0</truncated>
		<difficult>0</difficult>
		<bndbox>
			<xmin>260</xmin>
			<xmax>280</xmax>
			<ymin>13</ymin>
			<ymax>27</ymax>
		</bndbox>
		<contact_state>1,0,0,0,</contact_state>
		<hand_id>1</hand_id>
	</object>

	<object>
		<name>hand</name>
		<pose>Unspecified</pose>
		<truncated>0</truncated>
		<difficult>0</difficult>
		<bndbox>
			<xmin>340</xmin>
			<xmax>354</xmax>
			<ymin>138</ymin>
			<ymax>152</ymax>
		</bndbox>
		<contact_state>1,0,0,0,</contact_state>
		<hand_id>2</hand_id>
	</object>

	<object>
		<name>hand</name>
		<pose>Unspecified</pose>
		<truncated>0</truncated>
		<difficult>0</difficult>
		<bndbox>
			<xmin>201</xmin>
			<xmax>217</xmax>
			<ymin>197</ymin>
			<ymax>208</ymax>
		</bndbox>
		<contact_state>1,0,0,0,</contact_state>
		<hand_id>3</hand_id>
	</object>

	<object>
		<name>hand</name>
		<pose>Unspecified</pose>
		<truncated>0</truncated>
		<difficult>0</difficult>
		<bndbox>
			<xmin>177</xmin>
			<xmax>198</xmax>
			<ymin>53</ymin>
			<ymax>66</ymax>
		</bndbox>
		<contact_state>1,0,0,0,</contact_state>
		<hand_id>4</hand_id>
	</object>

	<object>
		<name>hand</name>
		<pose>Unspecified</pose>
		<truncated>0</truncated>
		<difficult>0</difficult>
		<bndbox>
			<xmin>497</xmin>
			<xmax>507</xmax>
			<ymin>184</ymin>
			<ymax>194</ymax>
		</bndbox>
		<contact_state>0,1,0,0,</contact_state>
		<hand_id>5</hand_id>
	</object>

	<object>
		<name>hand</name>
		<pose>Unspecified</pose>
		<truncated>0</truncated>
		<difficult>0</difficult>
		<bndbox>
			<xmin>98</xmin>
			<xmax>112</xmax>
			<ymin>218</ymin>
			<ymax>228</ymax>
		</bndbox>
		<contact_state>1,0,0,0,</contact_state>
		<hand_id>6</hand_id>
	</object>

	<object>
		<name>hand</name>
		<pose>Unspecified</pose>
		<truncated>0</truncated>
		<difficult>0</difficult>
		<bndbox>
			<xmin>117</xmin>
			<xmax>131</xmax>
			<ymin>230</ymin>
			<ymax>241</ymax>
		</bndbox>
		<contact_state>1,0,0,0,</contact_state>
		<hand_id>7</hand_id>
	</object>

	<object>
		<name>hand</name>
		<pose>Unspecified</pose>
		<truncated>0</truncated>
		<difficult>0</difficult>
		<bndbox>
			<xmin>146</xmin>
			<xmax>165</xmax>
			<ymin>101</ymin>
			<ymax>117</ymax>
		</bndbox>
		<contact_state>1,0,0,0,</contact_state>
		<hand_id>8</hand_id>
	</object>
</annotation>