<annotation>
	<folder>JPEGImages</folder>
	<filename>train_0992_000000090201.jpg</filename>
	<source>
	<database>Source</database>
	</source>
	<size>
		<width>426</width>
		<height>640</height>
		<depth>3</depth>
	</size>
	<segmented>0</segmented>
	<object>
		<name>hand</name>
		<pose>Unspecified</pose>
		<truncated>0</truncated>
		<difficult>0</difficult>
		<bndbox>
			<xmin>199</xmin>
			<xmax>245</xmax>
			<ymin>202</ymin>
			<ymax>228</ymax>
		</bndbox>
		<contact_state>0,0,0,1,</contact_state>
		<hand_id>1</hand_id>
	</object>

	<object>
		<name>hand</name>
		<pose>Unspecified</pose>
		<truncated>0</truncated>
		<difficult>0</difficult>
		<bndbox>
			<xmin>325</xmin>
			<xmax>359</xmax>
			<ymin>303</ymin>
			<ymax>339</ymax>
		</bndbox>
		<contact_state>0,0,0,1,</contact_state>
		<hand_id>2</hand_id>
	</object>
</annotation>