<annotation>
	<folder>JPEGImages</folder>
	<filename>train_1228_000000143101.jpg</filename>
	<source>
	<database>Source</database>
	</source>
	<size>
		<width>640</width>
		<height>427</height>
		<depth>3</depth>
	</size>
	<segmented>0</segmented>
	<object>
		<name>hand</name>
		<pose>Unspecified</pose>
		<truncated>0</truncated>
		<difficult>0</difficult>
		<bndbox>
			<xmin>521</xmin>
			<xmax>564</xmax>
			<ymin>215</ymin>
			<ymax>245</ymax>
		</bndbox>
		<contact_state>1,0,0,0,</contact_state>
		<hand_id>1</hand_id>
	</object>

	<object>
		<name>hand</name>
		<pose>Unspecified</pose>
		<truncated>0</truncated>
		<difficult>0</difficult>
		<bndbox>
			<xmin>341</xmin>
			<xmax>368</xmax>
			<ymin>262</ymin>
			<ymax>288</ymax>
		</bndbox>
		<contact_state>1,2,0,0,</contact_state>
		<hand_id>2</hand_id>
	</object>
</annotation>