<annotation>
	<folder>JPEGImages</folder>
	<filename>train_0564_000000019489.jpg</filename>
	<source>
	<database>Source</database>
	</source>
	<size>
		<width>640</width>
		<height>425</height>
		<depth>3</depth>
	</size>
	<segmented>0</segmented>
	<object>
		<name>hand</name>
		<pose>Unspecified</pose>
		<truncated>0</truncated>
		<difficult>0</difficult>
		<bndbox>
			<xmin>324</xmin>
			<xmax>367</xmax>
			<ymin>150</ymin>
			<ymax>180</ymax>
		</bndbox>
		<contact_state>0,0,0,1,</contact_state>
		<hand_id>1</hand_id>
	</object>

	<object>
		<name>hand</name>
		<pose>Unspecified</pose>
		<truncated>0</truncated>
		<difficult>0</difficult>
		<bndbox>
			<xmin>267</xmin>
			<xmax>295</xmax>
			<ymin>211</ymin>
			<ymax>257</ymax>
		</bndbox>
		<contact_state>0,0,1,0,</contact_state>
		<hand_id>2</hand_id>
	</object>

	<object>
		<name>hand</name>
		<pose>Unspecified</pose>
		<truncated>0</truncated>
		<difficult>0</difficult>
		<bndbox>
			<xmin>271</xmin>
			<xmax>302</xmax>
			<ymin>206</ymin>
			<ymax>246</ymax>
		</bndbox>
		<contact_state>0,0,1,0,</contact_state>
		<hand_id>3</hand_id>
	</object>

	<object>
		<name>hand</name>
		<pose>Unspecified</pose>
		<truncated>0</truncated>
		<difficult>0</difficult>
		<bndbox>
			<xmin>552</xmin>
			<xmax>566</xmax>
			<ymin>142</ymin>
			<ymax>153</ymax>
		</bndbox>
		<contact_state>0,0,0,1,</contact_state>
		<hand_id>4</hand_id>
	</object>

	<object>
		<name>hand</name>
		<pose>Unspecified</pose>
		<truncated>0</truncated>
		<difficult>0</difficult>
		<bndbox>
			<xmin>568</xmin>
			<xmax>587</xmax>
			<ymin>143</ymin>
			<ymax>167</ymax>
		</bndbox>
		<contact_state>0,1,0,1,</contact_state>
		<hand_id>5</hand_id>
	</object>

	<object>
		<name>hand</name>
		<pose>Unspecified</pose>
		<truncated>0</truncated>
		<difficult>0</difficult>
		<bndbox>
			<xmin>265</xmin>
			<xmax>291</xmax>
			<ymin>264</ymin>
			<ymax>297</ymax>
		</bndbox>
		<contact_state>0,1,0,0,</contact_state>
		<hand_id>6</hand_id>
	</object>

	<object>
		<name>hand</name>
		<pose>Unspecified</pose>
		<truncated>0</truncated>
		<difficult>0</difficult>
		<bndbox>
			<xmin>270</xmin>
			<xmax>297</xmax>
			<ymin>257</ymin>
			<ymax>285</ymax>
		</bndbox>
		<contact_state>0,1,0,0,</contact_state>
		<hand_id>7</hand_id>
	</object>

	<object>
		<name>hand</name>
		<pose>Unspecified</pose>
		<truncated>0</truncated>
		<difficult>0</difficult>
		<bndbox>
			<xmin>61</xmin>
			<xmax>86</xmax>
			<ymin>206</ymin>
			<ymax>235</ymax>
		</bndbox>
		<contact_state>0,0,0,1,</contact_state>
		<hand_id>8</hand_id>
	</object>

	<object>
		<name>hand</name>
		<pose>Unspecified</pose>
		<truncated>0</truncated>
		<difficult>0</difficult>
		<bndbox>
			<xmin>237</xmin>
			<xmax>254</xmax>
			<ymin>267</ymin>
			<ymax>283</ymax>
		</bndbox>
		<contact_state>0,0,0,1,</contact_state>
		<hand_id>9</hand_id>
	</object>
</annotation>