<annotation>
	<folder>JPEGImages</folder>
	<filename>train_1159_000000127514.jpg</filename>
	<source>
	<database>Source</database>
	</source>
	<size>
		<width>335</width>
		<height>500</height>
		<depth>3</depth>
	</size>
	<segmented>0</segmented>
	<object>
		<name>hand</name>
		<pose>Unspecified</pose>
		<truncated>0</truncated>
		<difficult>0</difficult>
		<bndbox>
			<xmin>213</xmin>
			<xmax>246</xmax>
			<ymin>244</ymin>
			<ymax>275</ymax>
		</bndbox>
		<contact_state>1,0,0,0,</contact_state>
		<hand_id>1</hand_id>
	</object>
</annotation>