<annotation>
	<folder>JPEGImages</folder>
	<filename>train_1177_000000131486.jpg</filename>
	<source>
	<database>Source</database>
	</source>
	<size>
		<width>407</width>
		<height>640</height>
		<depth>3</depth>
	</size>
	<segmented>0</segmented>
	<object>
		<name>hand</name>
		<pose>Unspecified</pose>
		<truncated>0</truncated>
		<difficult>0</difficult>
		<bndbox>
			<xmin>142</xmin>
			<xmax>168</xmax>
			<ymin>330</ymin>
			<ymax>362</ymax>
		</bndbox>
		<contact_state>1,0,0,0,</contact_state>
		<hand_id>1</hand_id>
	</object>

	<object>
		<name>hand</name>
		<pose>Unspecified</pose>
		<truncated>0</truncated>
		<difficult>0</difficult>
		<bndbox>
			<xmin>230</xmin>
			<xmax>247</xmax>
			<ymin>317</ymin>
			<ymax>332</ymax>
		</bndbox>
		<contact_state>0,0,0,1,</contact_state>
		<hand_id>2</hand_id>
	</object>
</annotation>