<annotation>
	<folder>JPEGImages</folder>
	<filename>train_1524_000000211985.jpg</filename>
	<source>
	<database>Source</database>
	</source>
	<size>
		<width>372</width>
		<height>480</height>
		<depth>3</depth>
	</size>
	<segmented>0</segmented>
	<object>
		<name>hand</name>
		<pose>Unspecified</pose>
		<truncated>0</truncated>
		<difficult>0</difficult>
		<bndbox>
			<xmin>159</xmin>
			<xmax>233</xmax>
			<ymin>304</ymin>
			<ymax>378</ymax>
		</bndbox>
		<contact_state>0,0,0,1,</contact_state>
		<hand_id>1</hand_id>
	</object>
</annotation>