<annotation>
	<folder>JPEGImages</folder>
	<filename>train_1782_000000275332.jpg</filename>
	<source>
	<database>Source</database>
	</source>
	<size>
		<width>640</width>
		<height>427</height>
		<depth>3</depth>
	</size>
	<segmented>0</segmented>
	<object>
		<name>hand</name>
		<pose>Unspecified</pose>
		<truncated>0</truncated>
		<difficult>0</difficult>
		<bndbox>
			<xmin>30</xmin>
			<xmax>62</xmax>
			<ymin>160</ymin>
			<ymax>188</ymax>
		</bndbox>
		<contact_state>1,0,0,0,</contact_state>
		<hand_id>1</hand_id>
	</object>

	<object>
		<name>hand</name>
		<pose>Unspecified</pose>
		<truncated>0</truncated>
		<difficult>0</difficult>
		<bndbox>
			<xmin>238</xmin>
			<xmax>265</xmax>
			<ymin>66</ymin>
			<ymax>101</ymax>
		</bndbox>
		<contact_state>1,0,0,0,</contact_state>
		<hand_id>2</hand_id>
	</object>

	<object>
		<name>hand</name>
		<pose>Unspecified</pose>
		<truncated>0</truncated>
		<difficult>0</difficult>
		<bndbox>
			<xmin>564</xmin>
			<xmax>577</xmax>
			<ymin>297</ymin>
			<ymax>302</ymax>
		</bndbox>
		<contact_state>2,2,0,2,</contact_state>
		<hand_id>3</hand_id>
	</object>
</annotation>