<annotation>
	<folder>JPEGImages</folder>
	<filename>train_0677_000000038031.jpg</filename>
	<source>
	<database>Source</database>
	</source>
	<size>
		<width>500</width>
		<height>375</height>
		<depth>3</depth>
	</size>
	<segmented>0</segmented>
	<object>
		<name>hand</name>
		<pose>Unspecified</pose>
		<truncated>0</truncated>
		<difficult>0</difficult>
		<bndbox>
			<xmin>389</xmin>
			<xmax>404</xmax>
			<ymin>358</ymin>
			<ymax>374</ymax>
		</bndbox>
		<contact_state>1,0,0,0,</contact_state>
		<hand_id>1</hand_id>
	</object>

	<object>
		<name>hand</name>
		<pose>Unspecified</pose>
		<truncated>0</truncated>
		<difficult>0</difficult>
		<bndbox>
			<xmin>367</xmin>
			<xmax>385</xmax>
			<ymin>113</ymin>
			<ymax>127</ymax>
		</bndbox>
		<contact_state>0,0,0,1,</contact_state>
		<hand_id>2</hand_id>
	</object>

	<object>
		<name>hand</name>
		<pose>Unspecified</pose>
		<truncated>0</truncated>
		<difficult>0</difficult>
		<bndbox>
			<xmin>380</xmin>
			<xmax>394</xmax>
			<ymin>74</ymin>
			<ymax>89</ymax>
		</bndbox>
		<contact_state>0,1,0,1,</contact_state>
		<hand_id>3</hand_id>
	</object>
</annotation>