<annotation>
	<folder>JPEGImages</folder>
	<filename>train_0291_048701_003.jpg</filename>
	<source>
	<database>Source</database>
	</source>
	<size>
		<width>480</width>
		<height>360</height>
		<depth>3</depth>
	</size>
	<segmented>0</segmented>
	<object>
		<name>hand</name>
		<pose>Unspecified</pose>
		<truncated>0</truncated>
		<difficult>0</difficult>
		<bndbox>
			<xmin>260</xmin>
			<xmax>374</xmax>
			<ymin>139</ymin>
			<ymax>214</ymax>
		</bndbox>
		<contact_state>0,1,1,0,</contact_state>
		<hand_id>1</hand_id>
	</object>
</annotation>