<annotation>
	<folder>JPEGImages</folder>
	<filename>train_0850_000000066337.jpg</filename>
	<source>
	<database>Source</database>
	</source>
	<size>
		<width>500</width>
		<height>375</height>
		<depth>3</depth>
	</size>
	<segmented>0</segmented>
	<object>
		<name>hand</name>
		<pose>Unspecified</pose>
		<truncated>0</truncated>
		<difficult>0</difficult>
		<bndbox>
			<xmin>341</xmin>
			<xmax>429</xmax>
			<ymin>256</ymin>
			<ymax>315</ymax>
		</bndbox>
		<contact_state>0,1,0,1,</contact_state>
		<hand_id>1</hand_id>
	</object>

	<object>
		<name>hand</name>
		<pose>Unspecified</pose>
		<truncated>0</truncated>
		<difficult>0</difficult>
		<bndbox>
			<xmin>359</xmin>
			<xmax>443</xmax>
			<ymin>257</ymin>
			<ymax>318</ymax>
		</bndbox>
		<contact_state>0,1,0,1,</contact_state>
		<hand_id>2</hand_id>
	</object>

	<object>
		<name>hand</name>
		<pose>Unspecified</pose>
		<truncated>0</truncated>
		<difficult>0</difficult>
		<bndbox>
			<xmin>110</xmin>
			<xmax>164</xmax>
			<ymin>236</ymin>
			<ymax>277</ymax>
		</bndbox>
		<contact_state>0,1,0,1,</contact_state>
		<hand_id>3</hand_id>
	</object>

	<object>
		<name>hand</name>
		<pose>Unspecified</pose>
		<truncated>0</truncated>
		<difficult>0</difficult>
		<bndbox>
			<xmin>117</xmin>
			<xmax>202</xmax>
			<ymin>207</ymin>
			<ymax>276</ymax>
		</bndbox>
		<contact_state>0,1,0,1,</contact_state>
		<hand_id>4</hand_id>
	</object>
</annotation>