<annotation>
	<folder>JPEGImages</folder>
	<filename>train_0170_032381_006.jpg</filename>
	<source>
	<database>Source</database>
	</source>
	<size>
		<width>648</width>
		<height>360</height>
		<depth>3</depth>
	</size>
	<segmented>0</segmented>
	<object>
		<name>hand</name>
		<pose>Unspecified</pose>
		<truncated>0</truncated>
		<difficult>0</difficult>
		<bndbox>
			<xmin>129</xmin>
			<xmax>162</xmax>
			<ymin>240</ymin>
			<ymax>293</ymax>
		</bndbox>
		<contact_state>1,0,0,0,</contact_state>
		<hand_id>1</hand_id>
	</object>

	<object>
		<name>hand</name>
		<pose>Unspecified</pose>
		<truncated>0</truncated>
		<difficult>0</difficult>
		<bndbox>
			<xmin>386</xmin>
			<xmax>437</xmax>
			<ymin>189</ymin>
			<ymax>245</ymax>
		</bndbox>
		<contact_state>1,0,0,0,</contact_state>
		<hand_id>2</hand_id>
	</object>
</annotation>