<annotation>
	<folder>JPEGImages</folder>
	<filename>train_1969_000000318543.jpg</filename>
	<source>
	<database>Source</database>
	</source>
	<size>
		<width>429</width>
		<height>640</height>
		<depth>3</depth>
	</size>
	<segmented>0</segmented>
	<object>
		<name>hand</name>
		<pose>Unspecified</pose>
		<truncated>0</truncated>
		<difficult>0</difficult>
		<bndbox>
			<xmin>201</xmin>
			<xmax>226</xmax>
			<ymin>81</ymin>
			<ymax>115</ymax>
		</bndbox>
		<contact_state>1,0,0,0,</contact_state>
		<hand_id>1</hand_id>
	</object>
</annotation>