<annotation>
	<folder>JPEGImages</folder>
	<filename>train_0133_022346_005.jpg</filename>
	<source>
	<database>Source</database>
	</source>
	<size>
		<width>656</width>
		<height>360</height>
		<depth>3</depth>
	</size>
	<segmented>0</segmented>
	<object>
		<name>hand</name>
		<pose>Unspecified</pose>
		<truncated>0</truncated>
		<difficult>0</difficult>
		<bndbox>
			<xmin>404</xmin>
			<xmax>456</xmax>
			<ymin>103</ymin>
			<ymax>169</ymax>
		</bndbox>
		<contact_state>0,1,0,0,</contact_state>
		<hand_id>1</hand_id>
	</object>
</annotation>