<annotation>
	<folder>JPEGImages</folder>
	<filename>train_1413_000000186218.jpg</filename>
	<source>
	<database>Source</database>
	</source>
	<size>
		<width>400</width>
		<height>500</height>
		<depth>3</depth>
	</size>
	<segmented>0</segmented>
	<object>
		<name>hand</name>
		<pose>Unspecified</pose>
		<truncated>0</truncated>
		<difficult>0</difficult>
		<bndbox>
			<xmin>102</xmin>
			<xmax>139</xmax>
			<ymin>375</ymin>
			<ymax>404</ymax>
		</bndbox>
		<contact_state>0,0,0,1,</contact_state>
		<hand_id>1</hand_id>
	</object>

	<object>
		<name>hand</name>
		<pose>Unspecified</pose>
		<truncated>0</truncated>
		<difficult>0</difficult>
		<bndbox>
			<xmin>95</xmin>
			<xmax>146</xmax>
			<ymin>359</ymin>
			<ymax>401</ymax>
		</bndbox>
		<contact_state>0,1,0,0,</contact_state>
		<hand_id>2</hand_id>
	</object>
</annotation>