<annotation>
	<folder>JPEGImages</folder>
	<filename>train_0409_066189_007.jpg</filename>
	<source>
	<database>Source</database>
	</source>
	<size>
		<width>640</width>
		<height>360</height>
		<depth>3</depth>
	</size>
	<segmented>0</segmented>
	<object>
		<name>hand</name>
		<pose>Unspecified</pose>
		<truncated>0</truncated>
		<difficult>0</difficult>
		<bndbox>
			<xmin>317</xmin>
			<xmax>375</xmax>
			<ymin>291</ymin>
			<ymax>326</ymax>
		</bndbox>
		<contact_state>2,2,2,2,</contact_state>
		<hand_id>1</hand_id>
	</object>
</annotation>