<annotation>
	<folder>JPEGImages</folder>
	<filename>train_1786_000000276317.jpg</filename>
	<source>
	<database>Source</database>
	</source>
	<size>
		<width>434</width>
		<height>500</height>
		<depth>3</depth>
	</size>
	<segmented>0</segmented>
	<object>
		<name>hand</name>
		<pose>Unspecified</pose>
		<truncated>0</truncated>
		<difficult>0</difficult>
		<bndbox>
			<xmin>43</xmin>
			<xmax>75</xmax>
			<ymin>332</ymin>
			<ymax>383</ymax>
		</bndbox>
		<contact_state>0,0,0,1,</contact_state>
		<hand_id>1</hand_id>
	</object>

	<object>
		<name>hand</name>
		<pose>Unspecified</pose>
		<truncated>0</truncated>
		<difficult>0</difficult>
		<bndbox>
			<xmin>382</xmin>
			<xmax>433</xmax>
			<ymin>156</ymin>
			<ymax>222</ymax>
		</bndbox>
		<contact_state>1,0,0,0,</contact_state>
		<hand_id>2</hand_id>
	</object>
</annotation>