<annotation>
	<folder>JPEGImages</folder>
	<filename>train_1552_000000218749.jpg</filename>
	<source>
	<database>Source</database>
	</source>
	<size>
		<width>490</width>
		<height>640</height>
		<depth>3</depth>
	</size>
	<segmented>0</segmented>
	<object>
		<name>hand</name>
		<pose>Unspecified</pose>
		<truncated>0</truncated>
		<difficult>0</difficult>
		<bndbox>
			<xmin>250</xmin>
			<xmax>280</xmax>
			<ymin>385</ymin>
			<ymax>418</ymax>
		</bndbox>
		<contact_state>0,0,0,1,</contact_state>
		<hand_id>1</hand_id>
	</object>

	<object>
		<name>hand</name>
		<pose>Unspecified</pose>
		<truncated>0</truncated>
		<difficult>0</difficult>
		<bndbox>
			<xmin>39</xmin>
			<xmax>78</xmax>
			<ymin>360</ymin>
			<ymax>389</ymax>
		</bndbox>
		<contact_state>0,0,0,1,</contact_state>
		<hand_id>2</hand_id>
	</object>
</annotation>