<annotation>
	<folder>JPEGImages</folder>
	<filename>train_1342_000000170221.jpg</filename>
	<source>
	<database>Source</database>
	</source>
	<size>
		<width>534</width>
		<height>640</height>
		<depth>3</depth>
	</size>
	<segmented>0</segmented>
	<object>
		<name>hand</name>
		<pose>Unspecified</pose>
		<truncated>0</truncated>
		<difficult>0</difficult>
		<bndbox>
			<xmin>193</xmin>
			<xmax>222</xmax>
			<ymin>19</ymin>
			<ymax>59</ymax>
		</bndbox>
		<contact_state>1,0,0,0,</contact_state>
		<hand_id>1</hand_id>
	</object>
</annotation>