<annotation>
	<folder>JPEGImages</folder>
	<filename>train_0447_000000000415.jpg</filename>
	<source>
	<database>Source</database>
	</source>
	<size>
		<width>359</width>
		<height>640</height>
		<depth>3</depth>
	</size>
	<segmented>0</segmented>
	<object>
		<name>hand</name>
		<pose>Unspecified</pose>
		<truncated>0</truncated>
		<difficult>0</difficult>
		<bndbox>
			<xmin>55</xmin>
			<xmax>74</xmax>
			<ymin>386</ymin>
			<ymax>411</ymax>
		</bndbox>
		<contact_state>0,0,0,1,</contact_state>
		<hand_id>1</hand_id>
	</object>

	<object>
		<name>hand</name>
		<pose>Unspecified</pose>
		<truncated>0</truncated>
		<difficult>0</difficult>
		<bndbox>
			<xmin>47</xmin>
			<xmax>58</xmax>
			<ymin>380</ymin>
			<ymax>396</ymax>
		</bndbox>
		<contact_state>0,0,0,1,</contact_state>
		<hand_id>2</hand_id>
	</object>
</annotation>