<annotation>
	<folder>JPEGImages</folder>
	<filename>train_1289_000000158055.jpg</filename>
	<source>
	<database>Source</database>
	</source>
	<size>
		<width>640</width>
		<height>480</height>
		<depth>3</depth>
	</size>
	<segmented>0</segmented>
	<object>
		<name>hand</name>
		<pose>Unspecified</pose>
		<truncated>0</truncated>
		<difficult>0</difficult>
		<bndbox>
			<xmin>56</xmin>
			<xmax>113</xmax>
			<ymin>250</ymin>
			<ymax>282</ymax>
		</bndbox>
		<contact_state>0,0,0,1,</contact_state>
		<hand_id>1</hand_id>
	</object>

	<object>
		<name>hand</name>
		<pose>Unspecified</pose>
		<truncated>0</truncated>
		<difficult>0</difficult>
		<bndbox>
			<xmin>444</xmin>
			<xmax>486</xmax>
			<ymin>277</ymin>
			<ymax>345</ymax>
		</bndbox>
		<contact_state>0,1,0,1,</contact_state>
		<hand_id>2</hand_id>
	</object>

	<object>
		<name>hand</name>
		<pose>Unspecified</pose>
		<truncated>0</truncated>
		<difficult>0</difficult>
		<bndbox>
			<xmin>473</xmin>
			<xmax>525</xmax>
			<ymin>305</ymin>
			<ymax>344</ymax>
		</bndbox>
		<contact_state>0,1,0,1,</contact_state>
		<hand_id>3</hand_id>
	</object>
</annotation>