<annotation>
	<folder>JPEGImages</folder>
	<filename>train_1789_000000277038.jpg</filename>
	<source>
	<database>Source</database>
	</source>
	<size>
		<width>518</width>
		<height>640</height>
		<depth>3</depth>
	</size>
	<segmented>0</segmented>
	<object>
		<name>hand</name>
		<pose>Unspecified</pose>
		<truncated>0</truncated>
		<difficult>0</difficult>
		<bndbox>
			<xmin>161</xmin>
			<xmax>241</xmax>
			<ymin>67</ymin>
			<ymax>157</ymax>
		</bndbox>
		<contact_state>1,0,0,0,</contact_state>
		<hand_id>1</hand_id>
	</object>

	<object>
		<name>hand</name>
		<pose>Unspecified</pose>
		<truncated>0</truncated>
		<difficult>0</difficult>
		<bndbox>
			<xmin>331</xmin>
			<xmax>402</xmax>
			<ymin>167</ymin>
			<ymax>253</ymax>
		</bndbox>
		<contact_state>0,0,0,1,</contact_state>
		<hand_id>2</hand_id>
	</object>
</annotation>