<annotation>
	<folder>JPEGImages</folder>
	<filename>train_1819_000000283618.jpg</filename>
	<source>
	<database>Source</database>
	</source>
	<size>
		<width>457</width>
		<height>640</height>
		<depth>3</depth>
	</size>
	<segmented>0</segmented>
	<object>
		<name>hand</name>
		<pose>Unspecified</pose>
		<truncated>0</truncated>
		<difficult>0</difficult>
		<bndbox>
			<xmin>238</xmin>
			<xmax>327</xmax>
			<ymin>196</ymin>
			<ymax>277</ymax>
		</bndbox>
		<contact_state>0,0,0,1,</contact_state>
		<hand_id>1</hand_id>
	</object>

	<object>
		<name>hand</name>
		<pose>Unspecified</pose>
		<truncated>0</truncated>
		<difficult>0</difficult>
		<bndbox>
			<xmin>232</xmin>
			<xmax>252</xmax>
			<ymin>337</ymin>
			<ymax>376</ymax>
		</bndbox>
		<contact_state>0,1,0,0,</contact_state>
		<hand_id>2</hand_id>
	</object>
</annotation>