<annotation>
	<folder>JPEGImages</folder>
	<filename>train_1328_000000167494.jpg</filename>
	<source>
	<database>Source</database>
	</source>
	<size>
		<width>480</width>
		<height>640</height>
		<depth>3</depth>
	</size>
	<segmented>0</segmented>
	<object>
		<name>hand</name>
		<pose>Unspecified</pose>
		<truncated>0</truncated>
		<difficult>0</difficult>
		<bndbox>
			<xmin>184</xmin>
			<xmax>206</xmax>
			<ymin>347</ymin>
			<ymax>376</ymax>
		</bndbox>
		<contact_state>0,0,0,1,</contact_state>
		<hand_id>1</hand_id>
	</object>

	<object>
		<name>hand</name>
		<pose>Unspecified</pose>
		<truncated>0</truncated>
		<difficult>0</difficult>
		<bndbox>
			<xmin>249</xmin>
			<xmax>273</xmax>
			<ymin>103</ymin>
			<ymax>145</ymax>
		</bndbox>
		<contact_state>1,0,0,0,</contact_state>
		<hand_id>2</hand_id>
	</object>
</annotation>