<annotation>
	<folder>JPEGImages</folder>
	<filename>train_0144_024935_004.jpg</filename>
	<source>
	<database>Source</database>
	</source>
	<size>
		<width>656</width>
		<height>360</height>
		<depth>3</depth>
	</size>
	<segmented>0</segmented>
	<object>
		<name>hand</name>
		<pose>Unspecified</pose>
		<truncated>0</truncated>
		<difficult>0</difficult>
		<bndbox>
			<xmin>175</xmin>
			<xmax>225</xmax>
			<ymin>163</ymin>
			<ymax>229</ymax>
		</bndbox>
		<contact_state>0,0,0,1,</contact_state>
		<hand_id>1</hand_id>
	</object>
</annotation>