<annotation>
	<folder>JPEGImages</folder>
	<filename>train_1471_000000200288.jpg</filename>
	<source>
	<database>Source</database>
	</source>
	<size>
		<width>640</width>
		<height>427</height>
		<depth>3</depth>
	</size>
	<segmented>0</segmented>
	<object>
		<name>hand</name>
		<pose>Unspecified</pose>
		<truncated>0</truncated>
		<difficult>0</difficult>
		<bndbox>
			<xmin>92</xmin>
			<xmax>116</xmax>
			<ymin>246</ymin>
			<ymax>265</ymax>
		</bndbox>
		<contact_state>0,0,0,1,</contact_state>
		<hand_id>1</hand_id>
	</object>

	<object>
		<name>hand</name>
		<pose>Unspecified</pose>
		<truncated>0</truncated>
		<difficult>0</difficult>
		<bndbox>
			<xmin>113</xmin>
			<xmax>141</xmax>
			<ymin>234</ymin>
			<ymax>249</ymax>
		</bndbox>
		<contact_state>0,0,0,1,</contact_state>
		<hand_id>2</hand_id>
	</object>

	<object>
		<name>hand</name>
		<pose>Unspecified</pose>
		<truncated>0</truncated>
		<difficult>0</difficult>
		<bndbox>
			<xmin>343</xmin>
			<xmax>355</xmax>
			<ymin>165</ymin>
			<ymax>177</ymax>
		</bndbox>
		<contact_state>0,2,0,1,</contact_state>
		<hand_id>3</hand_id>
	</object>
</annotation>