<annotation>
	<folder>JPEGImages</folder>
	<filename>train_1735_000000263403.jpg</filename>
	<source>
	<database>Source</database>
	</source>
	<size>
		<width>638</width>
		<height>394</height>
		<depth>3</depth>
	</size>
	<segmented>0</segmented>
	<object>
		<name>hand</name>
		<pose>Unspecified</pose>
		<truncated>0</truncated>
		<difficult>0</difficult>
		<bndbox>
			<xmin>396</xmin>
			<xmax>413</xmax>
			<ymin>73</ymin>
			<ymax>86</ymax>
		</bndbox>
		<contact_state>1,0,0,0,</contact_state>
		<hand_id>1</hand_id>
	</object>
</annotation>