<annotation>
	<folder>JPEGImages</folder>
	<filename>train_2097_000000347688.jpg</filename>
	<source>
	<database>Source</database>
	</source>
	<size>
		<width>413</width>
		<height>640</height>
		<depth>3</depth>
	</size>
	<segmented>0</segmented>
	<object>
		<name>hand</name>
		<pose>Unspecified</pose>
		<truncated>0</truncated>
		<difficult>0</difficult>
		<bndbox>
			<xmin>219</xmin>
			<xmax>237</xmax>
			<ymin>167</ymin>
			<ymax>193</ymax>
		</bndbox>
		<contact_state>0,0,0,1,</contact_state>
		<hand_id>1</hand_id>
	</object>

	<object>
		<name>hand</name>
		<pose>Unspecified</pose>
		<truncated>0</truncated>
		<difficult>0</difficult>
		<bndbox>
			<xmin>228</xmin>
			<xmax>248</xmax>
			<ymin>282</ymin>
			<ymax>315</ymax>
		</bndbox>
		<contact_state>0,0,0,1,</contact_state>
		<hand_id>2</hand_id>
	</object>
</annotation>