<annotation>
	<folder>JPEGImages</folder>
	<filename>train_0712_000000044047.jpg</filename>
	<source>
	<database>Source</database>
	</source>
	<size>
		<width>426</width>
		<height>640</height>
		<depth>3</depth>
	</size>
	<segmented>0</segmented>
	<object>
		<name>hand</name>
		<pose>Unspecified</pose>
		<truncated>0</truncated>
		<difficult>0</difficult>
		<bndbox>
			<xmin>306</xmin>
			<xmax>327</xmax>
			<ymin>314</ymin>
			<ymax>342</ymax>
		</bndbox>
		<contact_state>0,0,1,0,</contact_state>
		<hand_id>1</hand_id>
	</object>

	<object>
		<name>hand</name>
		<pose>Unspecified</pose>
		<truncated>0</truncated>
		<difficult>0</difficult>
		<bndbox>
			<xmin>322</xmin>
			<xmax>355</xmax>
			<ymin>377</ymin>
			<ymax>425</ymax>
		</bndbox>
		<contact_state>0,0,1,0,</contact_state>
		<hand_id>2</hand_id>
	</object>

	<object>
		<name>hand</name>
		<pose>Unspecified</pose>
		<truncated>0</truncated>
		<difficult>0</difficult>
		<bndbox>
			<xmin>251</xmin>
			<xmax>268</xmax>
			<ymin>241</ymin>
			<ymax>267</ymax>
		</bndbox>
		<contact_state>0,0,1,0,</contact_state>
		<hand_id>3</hand_id>
	</object>

	<object>
		<name>hand</name>
		<pose>Unspecified</pose>
		<truncated>0</truncated>
		<difficult>0</difficult>
		<bndbox>
			<xmin>186</xmin>
			<xmax>212</xmax>
			<ymin>104</ymin>
			<ymax>140</ymax>
		</bndbox>
		<contact_state>0,0,0,1,</contact_state>
		<hand_id>4</hand_id>
	</object>
</annotation>