<annotation>
	<folder>JPEGImages</folder>
	<filename>train_0478_000000005587.jpg</filename>
	<source>
	<database>Source</database>
	</source>
	<size>
		<width>612</width>
		<height>612</height>
		<depth>3</depth>
	</size>
	<segmented>0</segmented>
	<object>
		<name>hand</name>
		<pose>Unspecified</pose>
		<truncated>0</truncated>
		<difficult>0</difficult>
		<bndbox>
			<xmin>68</xmin>
			<xmax>89</xmax>
			<ymin>194</ymin>
			<ymax>220</ymax>
		</bndbox>
		<contact_state>0,0,0,1,</contact_state>
		<hand_id>1</hand_id>
	</object>
</annotation>