<annotation>
	<folder>JPEGImages</folder>
	<filename>train_1720_000000259753.jpg</filename>
	<source>
	<database>Source</database>
	</source>
	<size>
		<width>427</width>
		<height>640</height>
		<depth>3</depth>
	</size>
	<segmented>0</segmented>
	<object>
		<name>hand</name>
		<pose>Unspecified</pose>
		<truncated>0</truncated>
		<difficult>0</difficult>
		<bndbox>
			<xmin>210</xmin>
			<xmax>250</xmax>
			<ymin>305</ymin>
			<ymax>356</ymax>
		</bndbox>
		<contact_state>0,0,0,1,</contact_state>
		<hand_id>1</hand_id>
	</object>

	<object>
		<name>hand</name>
		<pose>Unspecified</pose>
		<truncated>0</truncated>
		<difficult>0</difficult>
		<bndbox>
			<xmin>227</xmin>
			<xmax>293</xmax>
			<ymin>320</ymin>
			<ymax>362</ymax>
		</bndbox>
		<contact_state>0,0,0,1,</contact_state>
		<hand_id>2</hand_id>
	</object>
</annotation>