<annotation>
	<folder>JPEGImages</folder>
	<filename>train_1302_000000161289.jpg</filename>
	<source>
	<database>Source</database>
	</source>
	<size>
		<width>375</width>
		<height>500</height>
		<depth>3</depth>
	</size>
	<segmented>0</segmented>
	<object>
		<name>hand</name>
		<pose>Unspecified</pose>
		<truncated>0</truncated>
		<difficult>0</difficult>
		<bndbox>
			<xmin>273</xmin>
			<xmax>305</xmax>
			<ymin>99</ymin>
			<ymax>122</ymax>
		</bndbox>
		<contact_state>0,0,0,1,</contact_state>
		<hand_id>1</hand_id>
	</object>
</annotation>