<annotation>
	<folder>JPEGImages</folder>
	<filename>train_0481_000000006031.jpg</filename>
	<source>
	<database>Source</database>
	</source>
	<size>
		<width>419</width>
		<height>640</height>
		<depth>3</depth>
	</size>
	<segmented>0</segmented>
	<object>
		<name>hand</name>
		<pose>Unspecified</pose>
		<truncated>0</truncated>
		<difficult>0</difficult>
		<bndbox>
			<xmin>193</xmin>
			<xmax>266</xmax>
			<ymin>245</ymin>
			<ymax>305</ymax>
		</bndbox>
		<contact_state>0,0,0,1,</contact_state>
		<hand_id>1</hand_id>
	</object>

	<object>
		<name>hand</name>
		<pose>Unspecified</pose>
		<truncated>0</truncated>
		<difficult>0</difficult>
		<bndbox>
			<xmin>280</xmin>
			<xmax>353</xmax>
			<ymin>445</ymin>
			<ymax>502</ymax>
		</bndbox>
		<contact_state>0,0,0,1,</contact_state>
		<hand_id>2</hand_id>
	</object>
</annotation>