<annotation>
	<folder>JPEGImages</folder>
	<filename>train_0897_000000073903.jpg</filename>
	<source>
	<database>Source</database>
	</source>
	<size>
		<width>425</width>
		<height>640</height>
		<depth>3</depth>
	</size>
	<segmented>0</segmented>
	<object>
		<name>hand</name>
		<pose>Unspecified</pose>
		<truncated>0</truncated>
		<difficult>0</difficult>
		<bndbox>
			<xmin>175</xmin>
			<xmax>207</xmax>
			<ymin>369</ymin>
			<ymax>412</ymax>
		</bndbox>
		<contact_state>1,0,0,0,</contact_state>
		<hand_id>1</hand_id>
	</object>

	<object>
		<name>hand</name>
		<pose>Unspecified</pose>
		<truncated>0</truncated>
		<difficult>0</difficult>
		<bndbox>
			<xmin>294</xmin>
			<xmax>329</xmax>
			<ymin>78</ymin>
			<ymax>130</ymax>
		</bndbox>
		<contact_state>0,0,1,1,</contact_state>
		<hand_id>2</hand_id>
	</object>

	<object>
		<name>hand</name>
		<pose>Unspecified</pose>
		<truncated>0</truncated>
		<difficult>0</difficult>
		<bndbox>
			<xmin>294</xmin>
			<xmax>325</xmax>
			<ymin>71</ymin>
			<ymax>109</ymax>
		</bndbox>
		<contact_state>0,0,1,1,</contact_state>
		<hand_id>3</hand_id>
	</object>

	<object>
		<name>hand</name>
		<pose>Unspecified</pose>
		<truncated>0</truncated>
		<difficult>0</difficult>
		<bndbox>
			<xmin>336</xmin>
			<xmax>369</xmax>
			<ymin>276</ymin>
			<ymax>301</ymax>
		</bndbox>
		<contact_state>1,0,0,0,</contact_state>
		<hand_id>4</hand_id>
	</object>

	<object>
		<name>hand</name>
		<pose>Unspecified</pose>
		<truncated>0</truncated>
		<difficult>0</difficult>
		<bndbox>
			<xmin>17</xmin>
			<xmax>37</xmax>
			<ymin>369</ymin>
			<ymax>390</ymax>
		</bndbox>
		<contact_state>1,0,0,0,</contact_state>
		<hand_id>5</hand_id>
	</object>

	<object>
		<name>hand</name>
		<pose>Unspecified</pose>
		<truncated>0</truncated>
		<difficult>0</difficult>
		<bndbox>
			<xmin>66</xmin>
			<xmax>88</xmax>
			<ymin>450</ymin>
			<ymax>477</ymax>
		</bndbox>
		<contact_state>1,0,0,0,</contact_state>
		<hand_id>6</hand_id>
	</object>

	<object>
		<name>hand</name>
		<pose>Unspecified</pose>
		<truncated>0</truncated>
		<difficult>0</difficult>
		<bndbox>
			<xmin>160</xmin>
			<xmax>181</xmax>
			<ymin>406</ymin>
			<ymax>429</ymax>
		</bndbox>
		<contact_state>1,0,0,0,</contact_state>
		<hand_id>7</hand_id>
	</object>
</annotation>