<annotation>
	<folder>JPEGImages</folder>
	<filename>train_0374_063636_005.jpg</filename>
	<source>
	<database>Source</database>
	</source>
	<size>
		<width>640</width>
		<height>360</height>
		<depth>3</depth>
	</size>
	<segmented>0</segmented>
	<object>
		<name>hand</name>
		<pose>Unspecified</pose>
		<truncated>0</truncated>
		<difficult>0</difficult>
		<bndbox>
			<xmin>416</xmin>
			<xmax>460</xmax>
			<ymin>313</ymin>
			<ymax>359</ymax>
		</bndbox>
		<contact_state>2,0,0,2,</contact_state>
		<hand_id>1</hand_id>
	</object>
</annotation>