<annotation>
	<folder>JPEGImages</folder>
	<filename>train_0398_065357_006.jpg</filename>
	<source>
	<database>Source</database>
	</source>
	<size>
		<width>640</width>
		<height>360</height>
		<depth>3</depth>
	</size>
	<segmented>0</segmented>
	<object>
		<name>hand</name>
		<pose>Unspecified</pose>
		<truncated>0</truncated>
		<difficult>0</difficult>
		<bndbox>
			<xmin>356</xmin>
			<xmax>428</xmax>
			<ymin>236</ymin>
			<ymax>292</ymax>
		</bndbox>
		<contact_state>0,0,0,1,</contact_state>
		<hand_id>1</hand_id>
	</object>

	<object>
		<name>hand</name>
		<pose>Unspecified</pose>
		<truncated>0</truncated>
		<difficult>0</difficult>
		<bndbox>
			<xmin>355</xmin>
			<xmax>417</xmax>
			<ymin>274</ymin>
			<ymax>316</ymax>
		</bndbox>
		<contact_state>2,2,2,2,</contact_state>
		<hand_id>2</hand_id>
	</object>
</annotation>