<annotation>
	<folder>JPEGImages</folder>
	<filename>train_0715_000000044476.jpg</filename>
	<source>
	<database>Source</database>
	</source>
	<size>
		<width>566</width>
		<height>640</height>
		<depth>3</depth>
	</size>
	<segmented>0</segmented>
	<object>
		<name>hand</name>
		<pose>Unspecified</pose>
		<truncated>0</truncated>
		<difficult>0</difficult>
		<bndbox>
			<xmin>26</xmin>
			<xmax>64</xmax>
			<ymin>254</ymin>
			<ymax>300</ymax>
		</bndbox>
		<contact_state>1,0,0,0,</contact_state>
		<hand_id>1</hand_id>
	</object>

	<object>
		<name>hand</name>
		<pose>Unspecified</pose>
		<truncated>0</truncated>
		<difficult>0</difficult>
		<bndbox>
			<xmin>218</xmin>
			<xmax>272</xmax>
			<ymin>331</ymin>
			<ymax>368</ymax>
		</bndbox>
		<contact_state>1,0,0,0,</contact_state>
		<hand_id>2</hand_id>
	</object>

	<object>
		<name>hand</name>
		<pose>Unspecified</pose>
		<truncated>0</truncated>
		<difficult>0</difficult>
		<bndbox>
			<xmin>77</xmin>
			<xmax>124</xmax>
			<ymin>228</ymin>
			<ymax>254</ymax>
		</bndbox>
		<contact_state>1,0,0,0,</contact_state>
		<hand_id>3</hand_id>
	</object>

	<object>
		<name>hand</name>
		<pose>Unspecified</pose>
		<truncated>0</truncated>
		<difficult>0</difficult>
		<bndbox>
			<xmin>131</xmin>
			<xmax>161</xmax>
			<ymin>251</ymin>
			<ymax>276</ymax>
		</bndbox>
		<contact_state>1,0,0,0,</contact_state>
		<hand_id>4</hand_id>
	</object>

	<object>
		<name>hand</name>
		<pose>Unspecified</pose>
		<truncated>0</truncated>
		<difficult>0</difficult>
		<bndbox>
			<xmin>118</xmin>
			<xmax>139</xmax>
			<ymin>322</ymin>
			<ymax>353</ymax>
		</bndbox>
		<contact_state>1,0,0,0,</contact_state>
		<hand_id>5</hand_id>
	</object>
</annotation>