<annotation>
	<folder>JPEGImages</folder>
	<filename>train_1849_000000290320.jpg</filename>
	<source>
	<database>Source</database>
	</source>
	<size>
		<width>621</width>
		<height>640</height>
		<depth>3</depth>
	</size>
	<segmented>0</segmented>
	<object>
		<name>hand</name>
		<pose>Unspecified</pose>
		<truncated>0</truncated>
		<difficult>0</difficult>
		<bndbox>
			<xmin>439</xmin>
			<xmax>484</xmax>
			<ymin>364</ymin>
			<ymax>428</ymax>
		</bndbox>
		<contact_state>1,0,0,0,</contact_state>
		<hand_id>1</hand_id>
	</object>

	<object>
		<name>hand</name>
		<pose>Unspecified</pose>
		<truncated>0</truncated>
		<difficult>0</difficult>
		<bndbox>
			<xmin>182</xmin>
			<xmax>219</xmax>
			<ymin>201</ymin>
			<ymax>244</ymax>
		</bndbox>
		<contact_state>1,0,0,0,</contact_state>
		<hand_id>2</hand_id>
	</object>
</annotation>