<annotation>
	<folder>JPEGImages</folder>
	<filename>train_0364_059917_004.jpg</filename>
	<source>
	<database>Source</database>
	</source>
	<size>
		<width>480</width>
		<height>360</height>
		<depth>3</depth>
	</size>
	<segmented>0</segmented>
	<object>
		<name>hand</name>
		<pose>Unspecified</pose>
		<truncated>0</truncated>
		<difficult>0</difficult>
		<bndbox>
			<xmin>146</xmin>
			<xmax>181</xmax>
			<ymin>271</ymin>
			<ymax>299</ymax>
		</bndbox>
		<contact_state>0,1,0,0,</contact_state>
		<hand_id>1</hand_id>
	</object>

	<object>
		<name>hand</name>
		<pose>Unspecified</pose>
		<truncated>0</truncated>
		<difficult>0</difficult>
		<bndbox>
			<xmin>161</xmin>
			<xmax>196</xmax>
			<ymin>266</ymin>
			<ymax>288</ymax>
		</bndbox>
		<contact_state>0,1,0,0,</contact_state>
		<hand_id>2</hand_id>
	</object>
</annotation>