<annotation>
	<folder>JPEGImages</folder>
	<filename>train_1608_000000233471.jpg</filename>
	<source>
	<database>Source</database>
	</source>
	<size>
		<width>463</width>
		<height>640</height>
		<depth>3</depth>
	</size>
	<segmented>0</segmented>
	<object>
		<name>hand</name>
		<pose>Unspecified</pose>
		<truncated>0</truncated>
		<difficult>0</difficult>
		<bndbox>
			<xmin>159</xmin>
			<xmax>183</xmax>
			<ymin>352</ymin>
			<ymax>389</ymax>
		</bndbox>
		<contact_state>0,0,0,1,</contact_state>
		<hand_id>1</hand_id>
	</object>
</annotation>