<annotation>
	<folder>JPEGImages</folder>
	<filename>train_1909_000000304434.jpg</filename>
	<source>
	<database>Source</database>
	</source>
	<size>
		<width>594</width>
		<height>640</height>
		<depth>3</depth>
	</size>
	<segmented>0</segmented>
	<object>
		<name>hand</name>
		<pose>Unspecified</pose>
		<truncated>0</truncated>
		<difficult>0</difficult>
		<bndbox>
			<xmin>231</xmin>
			<xmax>312</xmax>
			<ymin>287</ymin>
			<ymax>327</ymax>
		</bndbox>
		<contact_state>0,0,0,1,</contact_state>
		<hand_id>1</hand_id>
	</object>

	<object>
		<name>hand</name>
		<pose>Unspecified</pose>
		<truncated>0</truncated>
		<difficult>0</difficult>
		<bndbox>
			<xmin>277</xmin>
			<xmax>338</xmax>
			<ymin>186</ymin>
			<ymax>229</ymax>
		</bndbox>
		<contact_state>0,0,0,1,</contact_state>
		<hand_id>2</hand_id>
	</object>
</annotation>